DJI_20260828175421_0264_D.JPG	2026:08:28 17:54:21	-	45.8519438333333	13.4233207222222	74.63	+76.000	+74.630	+43.50	-89.90	-0.30	0.0	-0.1	0.0
DJI_20260828175425_0265_D.JPG	2026:08:28 17:54:25	-	45.8519906111111	13.4233234166667	74.63	+76.000	+74.630	+55.30	-89.90	+15.30	1.2	1.3	0.0
DJI_20260828175428_0266_D.JPG	2026:08:28 17:54:28	-	45.8519846666667	13.42338825	74.63	+76.000	+74.630	+124.60	-89.90	+90.20	-1.6	1.2	0.0
DJI_20260828175430_0267_D.JPG	2026:08:28 17:54:30	-	45.8519391666667	13.423378	74.63	+76.000	+74.630	-171.40	-90.00	+161.50	-1.1	-1.6	0.0
DJI_20260828175433_0268_D.JPG	2026:08:28 17:54:33	-	45.8519452777778	13.4233178055556	74.63	+76.000	+74.630	-95.70	-48.00	-123.60	1.3	-0.4	0.0
DJI_20260828175436_0269_D.JPG	2026:08:28 17:54:36	-	45.8519426111111	13.4233884166667	74.63	+76.000	+74.630	-74.30	-89.90	-8.90	0.8	0.8	0.0
DJI_20260828175439_0270_D.JPG	2026:08:28 17:54:39	-	45.8519898333333	13.4233808055556	74.63	+76.000	+74.630	+1.60	-89.90	-30.10	1.1	-1.5	-0.1
DJI_20260828175442_0271_D.JPG	2026:08:28 17:54:42	-	45.85198925	13.42331525	74.33	+75.700	+74.330	-46.40	-89.90	-82.90	0.4	-1.2	1.0
DJI_20260828175454_0272_D.JPG	2026:08:28 17:54:54	-	45.8520978055556	13.4233590555556	36.83	+38.200	+36.830	-137.30	+1.60	+177.00	0.1	1.6	0.9
DJI_20260828175457_0273_D.JPG	2026:08:28 17:54:57	-	45.8520916111111	13.4234091666667	36.73	+38.100	+36.730	-126.50	-55.00	-169.60	-0.5	2.2	0.0
DJI_20260828175458_0274_D.JPG	2026:08:28 17:54:58	-	45.8520773888889	13.4234539444444	36.63	+38.000	+36.630	-110.50	-74.00	-152.30	-1.7	2.5	0.0
DJI_20260828175500_0275_D.JPG	2026:08:28 17:55:00	-	45.8520480277778	13.4235024722222	36.63	+38.000	+36.630	-91.80	-72.10	-133.50	-3.2	2.4	0.0
DJI_20260828175501_0276_D.JPG	2026:08:28 17:55:01	-	45.852001	13.4235368055556	36.63	+38.000	+36.630	-67.00	-70.60	-109.40	-3.9	0.9	0.0
DJI_20260828175502_0277_D.JPG	2026:08:28 17:55:02	-	45.8519535277778	13.4235435555556	36.53	+37.900	+36.530	-45.30	-70.10	-86.80	-3.9	-0.5	0.0
DJI_20260828175504_0278_D.JPG	2026:08:28 17:55:04	-	45.8519095833333	13.4235219722222	36.63	+38.000	+36.630	-25.00	-69.80	-67.20	-3.6	-1.9	0.0
DJI_20260828175505_0279_D.JPG	2026:08:28 17:55:05	-	45.8518691666667	13.4234822777778	36.53	+37.900	+36.530	-3.30	-69.60	-45.60	-2.7	-3.0	0.0
DJI_20260828175507_0280_D.JPG	2026:08:28 17:55:07	-	45.8518426944444	13.42342375	36.63	+38.000	+36.630	+17.20	-69.10	-24.10	-1.5	-3.7	0.0
DJI_20260828175508_0281_D.JPG	2026:08:28 17:55:08	-	45.8518321944444	13.4233551388889	36.63	+38.000	+36.630	+38.40	-68.80	-3.20	0.1	-4.1	0.0
DJI_20260828175510_0282_D.JPG	2026:08:28 17:55:10	-	45.8518405833333	13.4232733055556	36.53	+37.900	+36.530	+62.80	-68.20	+21.50	1.8	-3.6	0.0
DJI_20260828175511_0283_D.JPG	2026:08:28 17:55:11	-	45.8518736388889	13.4232125277778	36.63	+38.000	+36.630	+84.40	-68.30	+43.90	3.1	-2.6	0.0
DJI_20260828175513_0284_D.JPG	2026:08:28 17:55:13	-	45.8519201388889	13.4231733055556	36.63	+38.000	+36.630	+108.60	-68.80	+67.20	3.8	-1.4	0.0
DJI_20260828175514_0285_D.JPG	2026:08:28 17:55:14	-	45.8519683333333	13.4231610277778	36.63	+38.000	+36.630	+130.00	-68.60	+88.50	4.0	0.3	0.0
DJI_20260828175515_0286_D.JPG	2026:08:28 17:55:15	-	45.852017	13.4231767777778	36.63	+38.000	+36.630	+151.30	-68.70	+110.10	3.7	1.6	0.0
DJI_20260828175517_0287_D.JPG	2026:08:28 17:55:17	-	45.8520579722222	13.4232154166667	36.63	+38.000	+36.630	+172.50	-68.70	+131.20	2.8	2.8	0.0
DJI_20260828175518_0288_D.JPG	2026:08:28 17:55:18	-	45.8520848611111	13.4232663888889	36.43	+37.800	+36.430	-165.80	-68.70	+152.20	1.2	2.3	0.3
DJI_20260828175520_0289_D.JPG	2026:08:28 17:55:20	-	45.85209375	13.4233023888889	36.53	+37.900	+36.530	-151.50	-68.50	+165.70	0.0	1.4	-0.6
DJI_20260828175521_0290_D.JPG	2026:08:28 17:55:21	-	45.8520892777778	13.42332275	38.33	+39.700	+38.330	-144.00	-69.60	+172.90	-0.7	1.2	-1.9
DJI_20260828175522_0291_D.JPG	2026:08:28 17:55:22	-	45.8520728333333	13.4233369444444	42.53	+43.900	+42.530	-139.80	-72.90	+176.80	-1.9	0.1	-3.5
DJI_20260828175524_0292_D.JPG	2026:08:28 17:55:24	-	45.8520468888889	13.4233325555556	47.23	+48.600	+47.230	-141.30	-78.20	+174.40	-2.1	-0.3	-3.4
DJI_20260828175525_0293_D.JPG	2026:08:28 17:55:25	-	45.8520200555556	13.4233335277778	51.63	+53.000	+51.630	-148.10	-82.80	+168.30	-2.4	0.2	-3.1
DJI_20260828175527_0294_D.JPG	2026:08:28 17:55:27	-	45.8519969722222	13.42334625	55.03	+56.400	+55.030	-148.60	-86.80	+168.30	-1.1	1.5	-1.3
DJI_20260828175528_0295_D.JPG	2026:08:28 17:55:28	-	45.8519911111111	13.4233703888889	55.63	+57.000	+55.630	-121.50	-88.10	-161.70	-0.5	0.9	0.1
DJI_20260828175529_0296_D.JPG	2026:08:28 17:55:29	-	45.8519765833333	13.42338775	55.53	+56.900	+55.530	-89.00	-87.80	-129.10	-1.9	0.9	0.1
DJI_20260828175531_0297_D.JPG	2026:08:28 17:55:31	-	45.8519505555556	13.4233868611111	55.63	+57.000	+55.630	-53.90	-87.40	-87.80	-1.6	-1.1	0.0
DJI_20260828175532_0298_D.JPG	2026:08:28 17:55:32	-	45.8519384444444	13.4233608611111	55.63	+57.000	+55.630	-17.90	-87.10	-45.50	-0.2	-1.8	0.0
DJI_20260828175534_0299_D.JPG	2026:08:28 17:55:34	-	45.8519427777778	13.4233303611111	55.63	+57.000	+55.630	+15.90	-87.10	-6.80	1.1	-1.7	0.0
DJI_20260828175535_0300_D.JPG	2026:08:28 17:55:35	-	45.8519640277778	13.4233134444444	55.63	+57.000	+55.630	+53.90	-87.00	+38.10	1.8	0.0	0.0
DJI_20260828175536_0301_D.JPG	2026:08:28 17:55:36	-	45.8519856111111	13.4233253888889	55.53	+56.900	+55.530	+89.40	-87.00	+79.70	1.2	1.4	0.1
DJI_20260828175538_0302_D.JPG	2026:08:28 17:55:38	-	45.8519926666667	13.4233478333333	55.63	+57.000	+55.630	+126.90	-87.00	+122.40	0.1	0.8	-0.5
DJI_20260828175539_0303_D.JPG	2026:08:28 17:55:39	-	45.8519948611111	13.4233595833333	57.03	+58.400	+57.030	+163.70	-86.90	+167.20	0.2	0.6	-1.7
DJI_20260828175541_0304_D.JPG	2026:08:28 17:55:41	-	45.85199675	13.4233609444444	61.53	+62.900	+61.530	-158.60	-86.70	-163.00	0.1	-0.7	-4.0
DJI_20260828175542_0305_D.JPG	2026:08:28 17:55:42	-	45.8519950277778	13.4233431111111	67.13	+68.500	+67.130	-134.70	-87.10	+178.20	-0.2	-1.0	-3.9
DJI_20260828175544_0306_D.JPG	2026:08:28 17:55:44	-	45.8519924166667	13.4233382222222	72.63	+74.000	+72.630	-157.90	-87.40	+156.70	0.0	0.7	-3.4
DJI_20260828175545_0307_D.JPG	2026:08:28 17:55:45	-	45.8519925555556	13.4233611944444	74.33	+75.700	+74.330	-137.30	-87.80	-178.30	0.0	0.7	-0.2
DJI_20260828175546_0308_D.JPG	2026:08:28 17:55:46	-	45.8519873888889	13.4233759166667	74.43	+75.800	+74.430	-107.90	-87.80	-149.60	-0.7	1.0	-0.1
DJI_20260828175548_0309_D.JPG	2026:08:28 17:55:48	-	45.8519692777778	13.4233918333333	74.53	+75.900	+74.530	-72.70	-87.80	-111.80	-1.9	0.3	0.0
DJI_20260828175549_0310_D.JPG	2026:08:28 17:55:49	-	45.8519483055556	13.4233833611111	74.53	+75.900	+74.530	-36.10	-87.70	-69.70	-1.5	-1.3	0.0
DJI_20260828175550_0311_D.JPG	2026:08:28 17:55:50	-	45.8519366944444	13.4233515833333	74.53	+75.900	+74.530	-0.20	-87.60	-28.50	0.0	-1.4	0.0
DJI_20260828175552_0312_D.JPG	2026:08:28 17:55:52	-	45.8519451944444	13.4233232222222	74.53	+75.900	+74.530	+40.70	-87.40	+19.60	1.3	-1.1	0.0
DJI_20260828175554_0313_D.JPG	2026:08:28 17:55:54	-	45.8519687222222	13.4233145277778	74.53	+75.900	+74.530	+76.70	-87.60	+61.40	1.7	0.2	0.0
DJI_20260828175555_0314_D.JPG	2026:08:28 17:55:55	-	45.8519859722222	13.4233250555556	74.53	+75.900	+74.530	+112.90	-87.70	+103.20	0.8	0.9	0.0
DJI_20260828175556_0315_D.JPG	2026:08:28 17:55:56	-	45.8519905	13.4233358611111	74.53	+75.900	+74.530	+148.00	-87.60	+145.50	0.1	0.4	0.0
DJI_20260828175558_0316_D.JPG	2026:08:28 17:55:58	-	45.85199175	13.4233409722222	74.53	+75.900	+74.530	-174.10	-87.70	+164.30	0.1	0.1	0.0
DJI_20260828175559_0317_D.JPG	2026:08:28 17:55:59	-	45.851992	13.4233428333333	74.53	+75.900	+74.530	-154.20	-87.70	+164.90	0.0	0.0	0.0
DJI_20260828175601_0318_D.JPG	2026:08:28 17:56:01	-	45.8519916388889	13.4233431666667	74.53	+75.900	+74.530	-153.20	-87.70	+164.90	0.1	0.0	0.0
DJI_20260828175602_0319_D.JPG	2026:08:28 17:56:02	-	45.8519915277778	13.4233430833333	74.53	+75.900	+74.530	-153.20	-87.70	+164.90	0.0	0.0	0.0
DJI_20260828175604_0320_D.JPG	2026:08:28 17:56:04	-	45.8519915277778	13.4233433055556	74.53	+75.900	+74.530	-153.20	-87.70	+164.70	0.0	0.0	0.0
DJI_20260828175605_0321_D.JPG	2026:08:28 17:56:05	-	45.8519916944444	13.4233432777778	74.53	+75.900	+74.530	-153.20	-87.70	+164.70	0.0	0.0	0.0
DJI_20260828175607_0322_D.JPG	2026:08:28 17:56:07	-	45.8519916666667	13.4233433888889	74.53	+75.900	+74.530	-153.20	-87.70	+164.70	0.0	0.0	0.0
DJI_20260828175608_0323_D.JPG	2026:08:28 17:56:08	-	45.8519916666667	13.4233433055556	74.53	+75.900	+74.530	-153.20	-87.70	+164.70	0.0	0.0	0.0
DJI_20260828175610_0324_D.JPG	2026:08:28 17:56:10	-	45.8519916944444	13.4233433333333	74.53	+75.900	+74.530	-153.20	-87.70	+164.60	0.0	0.0	0.0
DJI_20260828175611_0325_D.JPG	2026:08:28 17:56:11	-	45.8519916111111	13.4233430555556	74.53	+75.900	+74.530	-153.20	-87.70	+164.70	0.0	0.0	0.0
DJI_20260828175613_0326_D.JPG	2026:08:28 17:56:13	-	45.8519914166667	13.4233430555556	74.53	+75.900	+74.530	-153.20	-87.70	+164.60	0.1	0.0	0.0
DJI_20260828175614_0327_D.JPG	2026:08:28 17:56:14	-	45.8519916666667	13.4233427777778	74.63	+76.000	+74.630	-153.20	-87.70	+164.60	0.0	0.0	0.0
DJI_20260828175615_0328_D.JPG	2026:08:28 17:56:15	-	45.8519917222222	13.42334275	74.63	+76.000	+74.630	-153.20	-87.70	+164.50	0.0	0.0	0.0
DJI_20260828175617_0329_D.JPG	2026:08:28 17:56:17	-	45.85199125	13.4233435277778	74.63	+76.000	+74.630	-153.20	-87.70	+164.60	0.1	0.0	0.0
DJI_20260828175618_0330_D.JPG	2026:08:28 17:56:18	-	45.8519916388889	13.4233434444444	74.53	+75.900	+74.530	-153.20	-87.70	+164.50	0.1	0.0	0.0
DJI_20260828175620_0331_D.JPG	2026:08:28 17:56:20	-	45.8519921111111	13.4233426111111	74.53	+75.900	+74.530	-153.20	-87.70	+164.50	0.0	0.0	0.0
DJI_20260828175621_0332_D.JPG	2026:08:28 17:56:21	-	45.8519914444444	13.4233434444444	74.53	+75.900	+74.530	-153.20	-87.70	+164.40	0.0	0.0	0.0
DJI_20260828175622_0333_D.JPG	2026:08:28 17:56:22	-	45.8519911666667	13.423344	74.53	+75.900	+74.530	-153.20	-87.70	+164.40	0.1	-0.1	0.0
DJI_20260828175624_0334_D.JPG	2026:08:28 17:56:24	-	45.8519916666667	13.4233431388889	74.53	+75.900	+74.530	-153.20	-87.70	+164.40	0.1	0.0	0.0
DJI_20260828175625_0335_D.JPG	2026:08:28 17:56:25	-	45.8519918611111	13.4233425277778	74.53	+75.900	+74.530	-153.20	-87.70	+164.50	0.0	0.0	0.0
DJI_20260828175627_0336_D.JPG	2026:08:28 17:56:27	-	45.8519916388889	13.4233429166667	74.53	+75.900	+74.530	-153.20	-87.70	+164.40	0.0	0.0	0.0
DJI_20260828175628_0337_D.JPG	2026:08:28 17:56:28	-	45.8519920277778	13.4233429722222	74.53	+75.900	+74.530	-153.20	-87.70	+164.30	0.0	0.0	0.0
DJI_20260828175629_0338_D.JPG	2026:08:28 17:56:29	-	45.8519920555556	13.4233424166667	74.53	+75.900	+74.530	-153.20	-87.70	+164.30	0.0	0.0	0.0
DJI_20260828175631_0339_D.JPG	2026:08:28 17:56:31	-	45.8519920277778	13.4233420277778	74.53	+75.900	+74.530	-153.20	-87.70	+164.40	0.0	0.0	0.0
DJI_20260828175632_0340_D.JPG	2026:08:28 17:56:32	-	45.851992	13.4233420833333	74.63	+76.000	+74.630	-153.20	-87.70	+164.20	0.0	0.1	0.0
DJI_20260828175634_0341_D.JPG	2026:08:28 17:56:34	-	45.8519923055556	13.4233418888889	74.63	+76.000	+74.630	-153.20	-87.70	+164.20	0.0	0.1	0.0
DJI_20260828175635_0342_D.JPG	2026:08:28 17:56:35	-	45.8519919166667	13.4233419444444	74.63	+76.000	+74.630	-153.20	-87.70	+164.40	0.0	0.0	0.0
DJI_20260828175637_0343_D.JPG	2026:08:28 17:56:37	-	45.8519918055556	13.4233422777778	74.63	+76.000	+74.630	-153.20	-87.70	+164.30	0.0	0.0	0.0
DJI_20260828175925_0344_D.JPG	2026:08:28 17:59:25	-	45.85195225	13.4235455833333	4.814	+3.000	+4.814	+42.70	-22.00	+0.00	0.1	0.1	0.0
DJI_20260828175927_0345_D.JPG	2026:08:28 17:59:27	-	45.8519638333333	13.4235461944444	4.814	+3.000	+4.814	+44.50	-90.00	+0.00	1.5	0.1	0.0
DJI_20260828175928_0346_D.JPG	2026:08:28 17:59:28	-	45.8519866111111	13.4235482777778	4.814	+3.000	+4.814	+43.80	-89.90	+1.60	0.8	0.8	0.0
DJI_20260828175930_0347_D.JPG	2026:08:28 17:59:30	-	45.8519823611111	13.4235657222222	4.814	+3.000	+4.814	+80.10	-90.00	+42.40	-1.0	0.6	0.0
DJI_20260828175931_0348_D.JPG	2026:08:28 17:59:31	-	45.8519715277778	13.4235645	4.814	+3.000	+4.814	+119.30	-90.00	+87.20	-1.0	0.0	0.0
DJI_20260828175933_0349_D.JPG	2026:08:28 17:59:33	-	45.8519536388889	13.4235644166667	4.814	+3.000	+4.814	+156.60	-90.00	+133.30	-1.2	-0.1	0.0
DJI_20260828175934_0350_D.JPG	2026:08:28 17:59:34	-	45.8519488888889	13.4235770833333	4.814	+3.000	+4.814	+164.60	-89.90	+123.30	-0.1	0.9	0.0
DJI_20260828175936_0351_D.JPG	2026:08:28 17:59:36	-	45.8519576388889	13.423589	4.814	+3.000	+4.814	+128.50	-89.90	+81.50	0.9	-0.2	-0.1
DJI_20260828175937_0352_D.JPG	2026:08:28 17:59:37	-	45.8519743888889	13.4235873333333	4.814	+3.000	+4.814	+92.20	-89.90	+39.50	1.9	-0.1	0.0
DJI_20260828175939_0353_D.JPG	2026:08:28 17:59:39	-	45.8519879166667	13.42359475	4.814	+3.000	+4.814	+84.80	-90.00	+39.00	0.1	1.0	0.0
DJI_20260828175940_0354_D.JPG	2026:08:28 17:59:40	-	45.8519782777778	13.42360725	4.814	+3.000	+4.814	+125.70	-89.90	+83.60	-0.7	-0.2	0.0
DJI_20260828175942_0355_D.JPG	2026:08:28 17:59:42	-	45.8519637777778	13.4236060833333	4.814	+3.000	+4.814	+165.50	-89.90	+131.30	-1.3	0.0	0.0
DJI_20260828175943_0356_D.JPG	2026:08:28 17:59:43	-	45.8519489444444	13.4236035	4.814	+3.000	+4.814	-154.10	-89.90	+176.50	-0.5	-0.6	0.0
DJI_20260828175945_0357_D.JPG	2026:08:28 17:59:45	-	45.8519409166667	13.4235786388889	4.714	+2.900	+4.714	-112.20	-79.00	-136.40	-0.3	-2.1	0.0
DJI_20260828175946_0358_D.JPG	2026:08:28 17:59:46	-	45.8519520277778	13.4235451944444	4.814	+3.000	+4.814	-65.70	-47.80	-88.10	0.7	-0.1	0.0
DJI_20260828175948_0359_D.JPG	2026:08:28 17:59:48	-	45.8519495833333	13.4235569722222	4.814	+3.000	+4.814	-25.80	-47.80	-42.00	-0.3	0.9	0.0
DJI_20260828175949_0360_D.JPG	2026:08:28 17:59:49	-	45.8519503055556	13.4235826944444	4.814	+3.000	+4.814	+11.10	-47.80	+3.00	-0.1	1.7	-0.1
DJI_20260828175951_0361_D.JPG	2026:08:28 17:59:51	-	45.85195325	13.4236086111111	4.814	+3.000	+4.814	+52.50	-47.80	+41.10	0.6	0.5	0.0
DJI_20260828175952_0362_D.JPG	2026:08:28 17:59:52	-	45.8519675555556	13.4236073055556	4.714	+2.900	+4.714	+45.80	-47.80	-0.70	1.0	-1.0	0.0
DJI_20260828175954_0363_D.JPG	2026:08:28 17:59:54	-	45.8519670833333	13.4235908333333	4.814	+3.000	+4.814	+7.20	-47.80	-44.90	0.0	-1.0	0.0
DJI_20260828175955_0364_D.JPG	2026:08:28 17:59:55	-	45.8519668333333	13.4235645	4.814	+3.000	+4.814	-29.30	-47.80	-86.00	-0.2	-2.0	0.0
DJI_20260828175957_0365_D.JPG	2026:08:28 17:59:57	-	45.8519715833333	13.4235414722222	4.814	+3.000	+4.814	-32.50	-47.80	-75.40	1.1	-0.3	0.0
DJI_20260828175958_0366_D.JPG	2026:08:28 17:59:58	-	45.8519841388889	13.42354825	4.814	+3.000	+4.814	+4.20	-47.80	-33.90	0.3	0.8	0.0
DJI_20260828175959_0367_D.JPG	2026:08:28 17:59:59	-	45.8519839444444	13.4235634166667	4.814	+3.000	+4.814	+40.00	-47.80	+8.40	0.0	1.1	0.0
DJI_20260828180001_0368_D.JPG	2026:08:28 18:00:01	-	45.8519834722222	13.4235926111111	4.814	+3.000	+4.814	+77.10	-47.80	+53.20	-0.1	1.9	0.0
DJI_20260828180002_0369_D.JPG	2026:08:28 18:00:02	-	45.8519879722222	13.4236083611111	4.614	+2.800	+4.614	+99.00	-45.30	+58.70	0.9	0.0	0.3
DJI_20260828180004_0370_D.JPG	2026:08:28 18:00:04	-	45.85200275	13.4235913888889	4.014	+2.200	+4.014	+117.70	-29.50	+72.50	1.6	-2.0	0.6
DJI_20260828180005_0371_D.JPG	2026:08:28 18:00:05	-	45.8520237222222	13.4235812777778	3.214	+1.400	+3.214	+156.50	-2.90	+117.10	0.0	0.7	0.2
DJI_20260828180007_0372_D.JPG	2026:08:28 18:00:07	-	45.8520193611111	13.4235961111111	3.314	+1.500	+3.314	-167.50	-10.80	+160.60	-0.4	1.4	0.0
DJI_20260828180008_0373_D.JPG	2026:08:28 18:00:08	-	45.8520092222222	13.4236245	3.314	+1.500	+3.314	-131.20	-12.40	-157.20	-1.4	1.7	0.0
DJI_20260828180009_0374_D.JPG	2026:08:28 18:00:09	-	45.8519859722222	13.4236489444444	3.314	+1.500	+3.314	-91.20	-13.00	-117.00	-2.0	0.7	0.0
DJI_20260828180011_0375_D.JPG	2026:08:28 18:00:11	-	45.8519563055556	13.4236524722222	3.314	+1.500	+3.314	-54.10	-13.20	-85.60	-2.4	-0.6	0.0
DJI_20260828180012_0376_D.JPG	2026:08:28 18:00:12	-	45.8519290555556	13.4236319444444	3.314	+1.500	+3.314	-17.20	-13.60	-52.10	-1.4	-1.7	0.0
DJI_20260828180014_0377_D.JPG	2026:08:28 18:00:14	-	45.8519136666667	13.4235918611111	3.314	+1.500	+3.314	+21.50	-13.70	-17.30	-0.4	-2.3	0.0
DJI_20260828180015_0378_D.JPG	2026:08:28 18:00:15	-	45.85191575	13.4235507222222	3.314	+1.500	+3.314	+55.90	-13.70	+13.70	0.8	-2.4	0.0
DJI_20260828180017_0379_D.JPG	2026:08:28 18:00:17	-	45.8519350555556	13.4235136666667	3.314	+1.500	+3.314	+89.20	-13.80	+47.90	2.1	-1.6	0.0
DJI_20260828180018_0380_D.JPG	2026:08:28 18:00:18	-	45.8519633333333	13.4234991388889	3.314	+1.500	+3.314	+121.70	-13.80	+79.10	2.6	-0.2	0.0
DJI_20260828180020_0381_D.JPG	2026:08:28 18:00:20	-	45.8519990833333	13.4235150833333	3.314	+1.500	+3.314	+155.10	-13.80	+115.10	2.2	1.4	0.0
DJI_20260828180021_0382_D.JPG	2026:08:28 18:00:21	-	45.8520174722222	13.4235453055556	3.214	+1.400	+3.214	-168.60	-13.80	+150.00	1.0	2.1	0.0
DJI_20260828180022_0383_D.JPG	2026:08:28 18:00:22	-	45.8520209166667	13.4235821388889	3.914	+2.100	+3.914	-138.30	-15.90	-178.90	-0.1	1.9	-0.5
DJI_20260828180024_0384_D.JPG	2026:08:28 18:00:24	-	45.8520139722222	13.4236140833333	4.114	+2.300	+4.114	-112.90	-21.70	-155.00	-1.1	1.8	0.0
DJI_20260828180025_0385_D.JPG	2026:08:28 18:00:25	-	45.8519845277778	13.4236452777778	4.014	+2.200	+4.014	-81.70	-21.90	-123.40	-3.0	1.2	0.0
DJI_20260828180027_0386_D.JPG	2026:08:28 18:00:27	-	45.8519488888889	13.4236464444444	4.114	+2.300	+4.114	-45.60	-22.80	-82.00	-2.7	-0.8	-0.1
DJI_20260828180028_0387_D.JPG	2026:08:28 18:00:28	-	45.8519180277778	13.4236088888889	4.114	+2.300	+4.114	-8.50	-21.50	-37.30	-1.4	-2.8	0.0
DJI_20260828180030_0388_D.JPG	2026:08:28 18:00:30	-	45.85191625	13.4235510277778	4.114	+2.300	+4.114	+35.30	-21.10	+8.10	0.9	-3.0	0.0
DJI_20260828180031_0389_D.JPG	2026:08:28 18:00:31	-	45.8519386111111	13.42350875	4.114	+2.300	+4.114	+77.40	-20.70	+50.10	2.5	-1.8	0.0
DJI_20260828180032_0390_D.JPG	2026:08:28 18:00:32	-	45.8519724444444	13.4234941666667	4.114	+2.300	+4.114	+115.00	-19.70	+88.90	2.7	-0.1	0.0
DJI_20260828180034_0391_D.JPG	2026:08:28 18:00:34	-	45.8520033055556	13.42350425	4.114	+2.300	+4.114	+150.20	-18.90	+120.00	2.5	1.2	0.0
DJI_20260828180035_0392_D.JPG	2026:08:28 18:00:35	-	45.8520281388889	13.4235416388889	4.014	+2.200	+4.014	-172.60	-16.70	+148.30	-0.3	3.3	-0.1
DJI_20260828180037_0393_D.JPG	2026:08:28 18:00:37	-	45.8520181944444	13.4235755555556	4.614	+2.800	+4.614	-139.00	-22.60	+179.40	0.0	0.9	-0.5
DJI_20260828180038_0394_D.JPG	2026:08:28 18:00:38	-	45.8520163333333	13.4235943055556	4.814	+3.000	+4.814	-124.30	-29.40	-166.50	-0.2	1.3	0.1
DJI_20260828180039_0395_D.JPG	2026:08:28 18:00:39	-	45.8520077777778	13.4236193888889	4.814	+3.000	+4.814	-106.60	-28.60	-147.60	-1.2	1.6	0.0
DJI_20260828180041_0396_D.JPG	2026:08:28 18:00:41	-	45.8519815833333	13.4236469722222	4.814	+3.000	+4.814	-75.60	-28.40	-115.30	-2.5	0.7	-0.1
DJI_20260828180042_0397_D.JPG	2026:08:28 18:00:42	-	45.8519494444444	13.423645	4.814	+3.000	+4.814	-37.90	-28.40	-77.20	-2.3	-1.0	0.0
DJI_20260828180044_0398_D.JPG	2026:08:28 18:00:44	-	45.8519218611111	13.4236136666667	4.714	+2.900	+4.714	-1.60	-28.20	-39.10	-1.5	-2.3	0.0
DJI_20260828180045_0399_D.JPG	2026:08:28 18:00:45	-	45.8519155833333	13.4235626666667	4.814	+3.000	+4.814	+36.70	-27.00	+3.60	0.5	-2.5	0.0
DJI_20260828180047_0400_D.JPG	2026:08:28 18:00:47	-	45.8519324166667	13.4235219166667	4.714	+2.900	+4.714	+73.90	-27.00	+39.90	2.2	-1.9	0.0
DJI_20260828180048_0401_D.JPG	2026:08:28 18:00:48	-	45.8519649444444	13.4235036111111	4.814	+3.000	+4.814	+111.30	-27.70	+78.60	2.7	-0.2	0.0
DJI_20260828180049_0402_D.JPG	2026:08:28 18:00:49	-	45.851996	13.4235175	4.814	+3.000	+4.814	+147.40	-28.00	+116.40	2.3	1.6	0.1
DJI_20260828180051_0403_D.JPG	2026:08:28 18:00:51	-	45.8520158055556	13.4235526944444	4.714	+2.900	+4.714	-173.40	-28.20	+155.30	0.5	0.8	0.0
DJI_20260828180052_0404_D.JPG	2026:08:28 18:00:52	-	45.852018	13.4235608611111	4.814	+3.000	+4.814	-145.00	-27.30	+171.00	0.0	0.2	0.0
DJI_20260828180054_0405_D.JPG	2026:08:28 18:00:54	-	45.8520179166667	13.4235620277778	4.814	+3.000	+4.814	-145.90	-27.30	+167.10	0.0	0.0	0.0
DJI_20260828180055_0406_D.JPG	2026:08:28 18:00:55	-	45.8520177777778	13.4235608611111	4.814	+3.000	+4.814	-146.70	-27.30	+166.70	0.0	0.0	0.0
DJI_20260828180057_0407_D.JPG	2026:08:28 18:00:57	-	45.8520175277778	13.4235603611111	4.814	+3.000	+4.814	-146.70	-27.30	+166.70	0.0	0.0	0.0
DJI_20260828180058_0408_D.JPG	2026:08:28 18:00:58	-	45.852017	13.4235607777778	4.814	+3.000	+4.814	-146.80	-27.20	+166.70	0.0	0.0	0.0
DJI_20260828180059_0409_D.JPG	2026:08:28 18:00:59	-	45.8520171944444	13.4235603055556	4.814	+3.000	+4.814	-146.70	-27.30	+166.80	0.0	0.0	0.0
DJI_20260828180101_0410_D.JPG	2026:08:28 18:01:01	-	45.85201725	13.4235602222222	4.814	+3.000	+4.814	-146.80	-27.30	+166.70	0.0	0.0	0.0
DJI_20260828180102_0411_D.JPG	2026:08:28 18:01:02	-	45.8520169444444	13.42356025	4.814	+3.000	+4.814	-146.70	-27.30	+166.80	0.0	0.0	0.0
DJI_20260828180104_0412_D.JPG	2026:08:28 18:01:04	-	45.8520166944444	13.42356075	4.814	+3.000	+4.814	-146.70	-27.30	+166.70	0.0	0.0	0.0
DJI_20260828180105_0413_D.JPG	2026:08:28 18:01:05	-	45.8520168611111	13.4235605833333	4.814	+3.000	+4.814	-146.70	-27.30	+166.70	0.0	0.0	0.0
DJI_20260828180106_0414_D.JPG	2026:08:28 18:01:06	-	45.8520169444444	13.4235608055556	4.814	+3.000	+4.814	-146.80	-27.30	+166.70	0.0	0.0	0.0
DJI_20260828180108_0415_D.JPG	2026:08:28 18:01:08	-	45.8520167222222	13.4235607777778	4.814	+3.000	+4.814	-146.70	-27.30	+166.60	0.0	-0.1	0.0
DJI_20260828180109_0416_D.JPG	2026:08:28 18:01:09	-	45.8520170277778	13.4235605833333	4.814	+3.000	+4.814	-146.80	-27.30	+166.70	0.0	0.0	0.0
DJI_20260828180111_0417_D.JPG	2026:08:28 18:01:11	-	45.85201675	13.4235609444444	4.714	+2.900	+4.714	-146.70	-27.30	+166.60	0.0	0.0	0.0
DJI_20260828180112_0418_D.JPG	2026:08:28 18:01:12	-	45.8520169444444	13.42356075	4.714	+2.900	+4.714	-146.80	-27.30	+166.70	0.0	0.0	0.0
DJI_20260828180114_0419_D.JPG	2026:08:28 18:01:14	-	45.8520170833333	13.4235606111111	4.714	+2.900	+4.714	-146.70	-27.30	+166.80	0.0	-0.1	0.0
DJI_20260828180115_0420_D.JPG	2026:08:28 18:01:15	-	45.8520166944444	13.4235608611111	4.714	+2.900	+4.714	-146.70	-27.30	+166.70	0.0	0.0	0.0
DJI_20260828180116_0421_D.JPG	2026:08:28 18:01:16	-	45.8520169722222	13.4235604166667	4.714	+2.900	+4.714	-146.70	-27.30	+166.70	0.0	-0.1	0.0
DJI_20260828180118_0422_D.JPG	2026:08:28 18:01:18	-	45.852017	13.4235604444444	4.714	+2.900	+4.714	-146.70	-27.30	+166.70	0.0	0.0	0.0
DJI_20260828180120_0423_D.JPG	2026:08:28 18:01:20	-	45.8520169444444	13.4235605277778	4.714	+2.900	+4.714	-146.70	-27.30	+166.70	0.0	-0.1	0.0
DJI_20260828180121_0424_D.JPG	2026:08:28 18:01:21	-	45.8520171666667	13.42356	4.714	+2.900	+4.714	-146.70	-27.30	+166.70	0.0	0.0	0.0
DJI_20260828180122_0425_D.JPG	2026:08:28 18:01:22	-	45.8520171944444	13.4235599722222	4.714	+2.900	+4.714	-146.80	-27.30	+166.70	0.0	0.0	0.0
DJI_20260828180124_0426_D.JPG	2026:08:28 18:01:24	-	45.8520168055556	13.4235604444444	4.814	+3.000	+4.814	-146.70	-27.30	+166.70	0.0	0.0	0.0
DJI_20260828180125_0427_D.JPG	2026:08:28 18:01:25	-	45.8520170277778	13.4235598888889	4.814	+3.000	+4.814	-146.70	-27.30	+166.80	0.0	0.0	0.0
DJI_20260828180127_0428_D.JPG	2026:08:28 18:01:27	-	45.8520166111111	13.4235604722222	4.814	+3.000	+4.814	-146.80	-27.30	+166.70	0.0	0.0	0.0
DJI_20260828180128_0429_D.JPG	2026:08:28 18:01:28	-	45.8520170833333	13.4235600833333	4.814	+3.000	+4.814	-146.80	-27.30	+166.70	0.1	0.0	0.0
DJI_20260828180130_0430_D.JPG	2026:08:28 18:01:30	-	45.8520168888889	13.4235606111111	4.714	+2.900	+4.714	-146.70	-27.30	+166.70	0.0	0.0	0.0
DJI_20260828180131_0431_D.JPG	2026:08:28 18:01:31	-	45.8520172777778	13.4235598611111	4.814	+3.000	+4.814	-146.80	-27.30	+166.70	0.0	0.0	0.0
DJI_20260828180132_0432_D.JPG	2026:08:28 18:01:32	-	45.8520173333333	13.4235596944444	4.814	+3.000	+4.814	-146.80	-27.30	+166.70	0.0	0.0	0.0
DJI_20260828180134_0433_D.JPG	2026:08:28 18:01:34	-	45.8520175	13.4235593888889	4.814	+3.000	+4.814	-146.80	-27.30	+166.80	0.0	0.0	0.0
DJI_20260828180135_0434_D.JPG	2026:08:28 18:01:35	-	45.8520173055556	13.4235600555556	4.814	+3.000	+4.814	-146.70	-27.30	+166.70	0.0	0.0	0.0
DJI_20260828180137_0435_D.JPG	2026:08:28 18:01:37	-	45.8520173055556	13.4235598333333	4.814	+3.000	+4.814	-146.80	-27.30	+166.70	0.0	0.0	0.0
DJI_20260828180138_0436_D.JPG	2026:08:28 18:01:38	-	45.8520172777778	13.42356	4.814	+3.000	+4.814	-146.80	-27.30	+166.80	0.0	0.0	0.0
DJI_20260828180139_0437_D.JPG	2026:08:28 18:01:39	-	45.8520170555556	13.4235599722222	4.814	+3.000	+4.814	-146.70	-27.30	+166.70	0.0	0.0	0.0
DJI_20260828180141_0438_D.JPG	2026:08:28 18:01:41	-	45.8520170277778	13.4235600277778	4.814	+3.000	+4.814	-146.70	-27.30	+166.70	0.0	0.0	0.0
DJI_20260828180142_0439_D.JPG	2026:08:28 18:01:42	-	45.8520171388889	13.4235602222222	4.814	+3.000	+4.814	-146.80	-27.30	+166.70	0.0	0.0	0.0
DJI_20260828180144_0440_D.JPG	2026:08:28 18:01:44	-	45.8520170277778	13.4235601388889	4.814	+3.000	+4.814	-146.70	-27.30	+166.80	0.0	0.0	0.0
DJI_20260828180145_0441_D.JPG	2026:08:28 18:01:45	-	45.8520171944444	13.4235601388889	4.814	+3.000	+4.814	-146.70	-27.30	+166.60	0.0	0.0	0.0
DJI_20260828180147_0442_D.JPG	2026:08:28 18:01:47	-	45.8520172777778	13.4235603611111	4.814	+3.000	+4.814	-146.80	-27.30	+166.70	0.0	0.0	0.0
DJI_20260828180148_0443_D.JPG	2026:08:28 18:01:48	-	45.8520175277778	13.4235604166667	4.814	+3.000	+4.814	-146.70	-27.30	+166.60	0.0	0.0	0.0
DJI_20260828180150_0444_D.JPG	2026:08:28 18:01:50	-	45.8520173055556	13.4235602222222	4.814	+3.000	+4.814	-146.70	-27.30	+166.70	0.0	0.0	0.0
DJI_20260828180151_0445_D.JPG	2026:08:28 18:01:51	-	45.8520171111111	13.42356025	4.814	+3.000	+4.814	-146.70	-27.30	+166.70	0.0	0.0	0.0
DJI_20260828180153_0446_D.JPG	2026:08:28 18:01:53	-	45.8520171111111	13.4235600277778	4.814	+3.000	+4.814	-146.80	-27.30	+166.80	0.0	0.0	0.0
DJI_20260828180154_0447_D.JPG	2026:08:28 18:01:54	-	45.8520171388889	13.4235602777778	4.814	+3.000	+4.814	-146.70	-27.30	+166.80	0.0	0.0	0.0
DJI_20260828180156_0448_D.JPG	2026:08:28 18:01:56	-	45.8520171388889	13.4235601944444	4.814	+3.000	+4.814	-146.70	-27.30	+166.80	0.0	0.0	0.0
DJI_20260828180157_0449_D.JPG	2026:08:28 18:01:57	-	45.8520169722222	13.4235600555556	4.814	+3.000	+4.814	-146.70	-27.30	+166.70	0.0	0.0	0.0
DJI_20260828180158_0450_D.JPG	2026:08:28 18:01:58	-	45.8520170833333	13.4235598333333	4.714	+2.900	+4.714	-146.70	-27.30	+166.90	0.0	0.0	0.0
DJI_20260828180200_0451_D.JPG	2026:08:28 18:02:00	-	45.8520171666667	13.4235598611111	4.814	+3.000	+4.814	-146.70	-27.30	+166.70	0.0	0.0	0.0
DJI_20260828180201_0452_D.JPG	2026:08:28 18:02:01	-	45.8520174166667	13.42356025	4.814	+3.000	+4.814	-146.70	-27.30	+166.80	0.0	0.0	0.0
DJI_20260828180203_0453_D.JPG	2026:08:28 18:02:03	-	45.8520173333333	13.4235601111111	4.814	+3.000	+4.814	-146.80	-27.30	+166.80	0.0	0.0	0.0
DJI_20260828180204_0454_D.JPG	2026:08:28 18:02:04	-	45.8520174444444	13.4235597222222	4.814	+3.000	+4.814	-146.70	-27.30	+166.80	0.0	0.0	0.0
DJI_20260828180205_0455_D.JPG	2026:08:28 18:02:05	-	45.8520174166667	13.4235597222222	4.814	+3.000	+4.814	-146.80	-27.30	+166.70	0.0	0.0	0.0
DJI_20260828180207_0456_D.JPG	2026:08:28 18:02:07	-	45.8520173333333	13.4235598611111	4.814	+3.000	+4.814	-146.70	-27.30	+166.80	0.0	0.0	0.0
DJI_20260828180208_0457_D.JPG	2026:08:28 18:02:08	-	45.8520172222222	13.4235596388889	4.814	+3.000	+4.814	-146.80	-27.30	+166.70	0.0	0.0	0.0
DJI_20260828180210_0458_D.JPG	2026:08:28 18:02:10	-	45.8520173888889	13.4235592777778	4.814	+3.000	+4.814	-146.70	-27.30	+166.80	0.0	0.0	0.0
DJI_20260828180212_0459_D.JPG	2026:08:28 18:02:12	-	45.8520173333333	13.4235597222222	4.814	+3.000	+4.814	-146.70	-27.30	+166.70	0.0	0.0	0.0
